,label,0,1,2,3,4,5,6,7,8,9,10,11,12,13,14,15,16,17,18,19,20
0,2.0,0.3303764294758569,-4.698919161732739,-2.556378649998035,-1.7531777844065128,-1.9026298630261584,1.2984668479335806,-2.3964589125527613,2.7417639075928317,-3.61509701070929,3.678800301968661,1.1650697132619738,4.349850289769742,1.4289334347948228,0.14727131231168,-1.721403446876029,0.32337793431300943,0.41294116935467134,-1.0121252721434826,-0.4909258626167318,-0.8622766518875976,-0.17079179504517394
1,0.0,0.15371664637558394,-3.6720648828803166,0.46336127625861406,-1.4450736990725532,-0.2315564206063899,0.8198481041142189,0.03786103384365003,1.1308370319344658,-1.8758843562501797,0.9092034050602363,2.153671744938051,1.937386239128354,0.6621021074109527,-0.4542386708208449,-1.980220250616311,0.368565754537043,-0.029791427677927584,-0.5379497341720214,-0.39884048061259847,0.598644351259674,-1.253970255235196
2,2.0,3.441012963546949,2.309796293210959,-1.7307582353509763,-3.2480469087282198,-4.133690619450479,-0.9948646984712343,-6.424667692787958,6.0123618570351764,-1.7518758873375826,0.3031257350869242,0.024436548542084602,4.597236943834297,2.8340578613226506,1.7960741470465962,-1.832362442744281,-0.5033723341819262,-0.6596887378871069,-1.198973259946713,-0.9505599784928374,0.1820383370326257,-0.9719253943019401
3,1.0,34.51450816867409,0.35613932130434217,7.945553383103809,-5.8466885484029225,-5.059411072643433,2.3860309861945286,1.4999155242448403,3.9513422248359356,-6.238475619625217,1.9716128646278774,0.36680985669081795,3.679071603939493,2.8109051601637547,-0.6295893835783787,-4.402067859585225,-1.651704719239782,1.4120244868831053,-0.9840034293483018,-1.9103777785964577,-0.3243323529926953,0.2712359135458716
4,0.0,4.573012502038839,7.235424160777295,0.7620184972395891,-5.46803338138239,-1.932407206434365,2.2383918508551366,-2.735971481533338,3.230349088908191,-4.298120318177055,0.664777144985565,4.502680713870085,2.6017949568480683,0.712931863428281,0.09091834655103205,-3.0146701395568862,-0.03811580648217089,0.7258380734051278,-0.5386130596850758,0.05768727835716683,-0.9937769630937083,-1.3061636600548556
5,2.0,-0.5162304592847872,-3.932645453770183,-2.0173931016442874,-2.83066530262323,-3.3926971633220817,0.6403336253406399,-4.318598879505195,3.5853070734703847,-5.500216002504965,0.36984303405315966,2.726003125294486,2.585635100090659,1.2812747678720535,1.254802496447488,-2.650522214197281,-1.0618797113541292,0.7414917189645805,0.7950440626240118,-0.45040906808619385,-0.5062604024616602,-0.6084422601788949
6,1.0,4.137105229907117,0.08661332843317912,-2.316638567548168,-5.5212168822428325,-4.984313476204198,-0.40603504385550904,-8.397636639787933,3.2855304091420936,-4.981745940087888,2.7679973753030307,2.9237307643028583,3.3051262984586667,0.43764456229470683,1.9770085143821015,-2.5645723016551907,-0.7834807063750958,1.3153744173751414,0.2307392788541336,-1.1932179994379095,-0.8646280405867115,-0.7253645236371421
7,1.0,31.670924734158927,-0.7581525943001132,-6.523612589482856,-0.35600573601431323,-0.1431853459548758,0.033581190377215686,-0.7046638730800496,8.341710549952744,-8.072601379847736,-2.561798931522037,0.6935121452398236,3.8659199531280244,1.600591152099657,0.060518857410831295,1.555862065894377,-2.1961623882640526,0.7569288975790076,-0.38745494058652985,0.267976670121308,-0.24802676603402762,-2.213724132470623
8,0.0,27.778096953928628,-0.27400291766393714,-2.831367571268623,2.885278942622574,-8.110951569541184,3.1221789556628705,-3.0451376287969865,6.4391622137282285,-4.98856500211841,1.6825508531814228,6.095174865974079,2.750570912323215,0.8352992102151054,-3.087523902378208,1.0611737315711567,-0.8481905547323938,2.0606320290251157,1.0359267630645195,-1.7087103526311123,1.467999786431706,0.4718919587907866
9,0.0,1.8486051622748,3.943501482135631,0.12141619974547972,-1.8313170382093444,-1.8935683211963188,-0.5160733015755274,-2.8563739292666455,2.5610023099890773,-3.259142440302609,1.3407350411253272,0.04993883261848353,1.4863058775128808,0.7847894879967418,0.5397433222109828,-1.8259837909209005,-1.151353931333305,1.3243497227817365,-0.13322949639995807,-1.1155807237031607,-0.7950920146448024,-1.443774546048006
10,1.0,2.9509568402775663,5.6946492165256295,-1.1326599876660672,-2.215236286292602,-2.21943482251804,0.9235389648507885,-1.9943672536606794,3.3871718630645136,-4.845465725983391,3.0741956013896816,4.695035892488864,1.5270976443249253,1.373791987344516,-0.11081870141927905,-0.37821501858366574,0.1090930782536279,0.8843219878204156,1.538838124767968,-0.15885423968453072,-1.4343362715216805,0.5811118643202806
11,0.0,33.52570935840277,0.4774878535010013,-8.375627393616416,-3.477143653645603,-2.556564831915128,-0.4403586665238755,0.5567945678911431,2.201241050051279,-2.9468643645040578,1.0269162469380986,-0.845448518611408,1.6095466134473622,3.3206031929583917,1.7497705460397144,-2.411054753649938,0.24821045509864093,1.0288678590591869,-0.28243090823113703,0.15014692629522663,-1.4956287559136685,-0.8980830489517295
12,2.0,-1.0990682030849066,-5.7784419659013,-1.8981036274520087,-3.435955220591096,-2.0425067770069893,0.8134978206305694,-2.8344982655417,3.7554803989258803,-4.791532877460766,1.4547399366236626,2.8951575453945644,2.8862161024316144,1.872874801792267,0.6375651657138903,-1.4199584106303071,-0.918747135741705,0.6802960154279113,-0.15866785026484767,-0.9901759070628241,-0.16243033622488362,-1.0352748893813033
13,2.0,-0.9231636828127099,-4.632964710841086,-0.9623513959085518,-2.568609811109646,-1.0245540868573273,0.25976266817288696,-0.9421095251940721,2.1421647744590513,-2.901998968446028,1.5822100984813223,2.8320891270369,3.5019076083862246,2.6487757472559434,-2.0200723919945625,-1.7818124844329115,-1.1050661530849275,0.26384019617003024,-0.4064560938710986,-0.5612466510351861,-0.9243838759306984,-0.9085846921290184
14,0.0,35.02522701792126,-3.0218638499929416,5.486269207024291,1.5865268212878556,-3.173738465276355,0.951791189392602,-6.0269910852991115,-0.3699797936885223,-3.2799948996394317,-1.1023385639064578,4.681215782023834,4.837543486875956,3.762867065864735,2.9187310676134532,1.9557364856308646,0.8625020124588278,-0.5070913245399997,-1.8035305189181974,-1.9979752094782215,-0.1569363272045199,-3.508758760767501
15,1.0,3.0117100903648892,3.6901977921176212,-0.6099753937581363,-3.446691866524365,-3.295225283692246,0.16557112315500241,-5.2137262506156175,2.361102307693067,-2.2648145868430336,1.0149067172425161,1.2008638146652064,4.728284874861724,3.4167237264437307,-0.002997748467792216,-2.4804122841053022,-1.231918425004854,-0.5070958206088397,-0.49712610428199594,-0.029806576201519747,-0.7837876219114281,-0.5566742443186865
16,2.0,-1.1532640394105198,-5.698837152079192,-1.7395127264862817,-3.513655758909692,-3.442463455576761,1.094440843511711,-3.4773591088930926,3.790796710842935,-5.75286210093347,3.5946176760543875,3.891772426311289,4.821839996801892,3.7789898568157905,-0.05731260102809445,-2.808319022089159,-1.164124939213387,-0.26608820236409747,-0.5157683320404465,-0.38694749958664487,-0.7955418315574152,-0.7378892493948112
17,1.0,2.8799687753853416,8.642467089308365,-1.2958371360487861,-2.973991125152798,-2.1491702620509745,-0.30809111989320165,-2.4132460463128322,2.0742043264923757,-4.737503158936859,2.0005338162735073,3.7279834690945926,2.257186245569554,3.7978505187447107,0.6258624319912215,-2.933790580509221,-2.093826802054299,1.8333917787572567,-1.786840414747022,-3.2326754316007915,-1.6283632072588075,-3.9710841579057785
18,1.0,0.7618692824315542,5.881686914961598,0.21794215237645326,-1.6291897579796442,-2.7992351591853564,0.5533215614139455,-2.31740312784654,2.4116608786499345,-4.440659711711221,-0.7282401641312667,3.769269958730776,1.9173899934931877,1.1727367314307222,0.1639674007652755,-3.799978058545514,-0.034722801834598305,0.6516102486554936,0.23301847754324623,-2.0717350004788333,0.22087406420570646,-0.8065641581479603
19,2.0,-1.0965277059696232,-5.841029953618997,-0.3866777376691458,-3.347812119940489,-2.8459975480004447,0.9228324399500696,-1.5923597115644368,3.6915604609172536,-3.5366737683787357,0.5016835802796682,3.1395702829350167,2.9310956891758555,2.443394234920983,-0.859240049744995,-3.2484442530222073,-0.6597235508155656,0.16769687121264035,0.17097163408936708,-0.5693782471464409,-1.0577882473900537,-1.4363507526087669
20,0.0,35.941637671953025,-2.0511625880544155,3.0677517519608153,-3.8596523630576685,-6.661988340750102,-7.202109494836727,-0.24455278906173436,4.33148116634382,-4.534634431669176,0.8838851258530945,3.3653400229001775,3.5595538156308186,2.2731164437105176,1.1741756773706533,-2.035834452010406,-2.2903066041991913,0.4017947752976747,-0.042083987799811984,0.8792525418785943,-0.7783719361389587,-2.5498078593313904
21,0.0,36.682013732208546,3.007352988693262,-2.0284396407793,-10.223435617184993,-2.167774298700842,3.7701778009441487,-1.6105604191864242,3.6277178671019583,-2.292670723140426,0.6062780338083322,7.711262285569907,3.1041021824722943,-0.7213524135900999,1.3268631044696126,0.6352977668548644,-1.155179991986206,1.3882718406496704,0.19670836072815423,-0.9522793454925003,-0.7171002977547168,-1.4117490692681531
22,2.0,-0.3386720986776915,-4.562715392948191,-1.2091276034422875,-2.286214187725563,-0.9645205673698725,0.6123929427101518,-1.3352366878594983,2.8408113800658557,-3.5631955284951506,0.22101607724674233,2.7101725717278624,3.041841204822679,2.808449057961416,0.36362006072931474,-0.8475359192811049,-0.46724637392451296,0.4893988597424471,-0.3094040720222315,-0.5494920477300163,-0.33711743623809826,-0.5377845421454805
23,1.0,4.71532764005627,-0.8646598642856493,0.5511930736728543,-1.4634399164206275,-1.7232924136890342,-0.38914702778883087,-3.785676324006291,5.175960422744444,-1.7724210062669663,2.732858826197165,0.19949997663647256,3.7031269223502004,1.6172074359338153,-0.4726791869459212,-1.0966428663882406,-1.3210988980780674,2.2361522077706995,-0.46473185733348465,-1.2011899218173492,-0.35875056431195185,-1.4319076983490118
24,2.0,1.0156215944973914,-6.423466684401286,0.43521776312645555,-3.019866815376781,-1.1357078216795793,0.0028609039892459193,-4.9274968478621215,2.293313290393576,-4.961659195970321,2.5162314153322027,1.9234305089494552,4.244379665499378,1.2805402519840479,1.5384272736576137,-1.7635872216842683,-0.29069065181052606,0.41405238264841915,0.12419148560780724,-0.966775003694153,0.734801569999004,-2.561372616468611
25,1.0,2.335355284166079,0.6011140071496385,-0.48085631342821333,-3.1697898224741055,-4.437467784249677,1.3029766761352792,-5.913181001265234,4.553393808206872,-2.3703996544490784,1.1629640952539588,3.107718322000114,2.1646335216519317,1.8537575877009445,-0.6963871930937927,-1.058365250020505,-0.6752319412263648,1.3235249461286873,0.7352849740726775,-0.7462883122682592,-1.5018435435598143,-0.36024391730787564
26,2.0,-0.8610169728706178,-6.441364929805499,-0.5173324746217263,-3.2049990205049945,-1.2767029679799267,1.2793878481553378,-2.0731030074360137,1.9039085943982845,-4.843630558718882,4.27999449678261,3.563104937903852,3.1813438936525666,3.135634056201208,0.2250827894296892,-1.6210227304086717,-1.9007355590537705,0.5825570594668034,-0.5994406891856571,-1.0227436693181302,-0.9094021681185505,-0.7524983401006828
27,2.0,-0.579956409075019,-5.799802406471902,-0.6602815137625249,-2.5900985615566428,-2.3321780242572396,0.4019923315126873,-2.413835693051686,2.3208716133524097,-4.053644715660529,-0.8783675506770132,3.1552446465113477,3.133857063507382,2.6307710066179366,0.10877222500114542,-2.0838139967829843,-0.8685156615872787,0.3522123758986744,0.4620800934703753,-0.6410808082175474,-0.784373860484081,-1.4289716760686155
28,0.0,31.19502615122435,-1.278829972642435,-5.1941355729722405,1.8560226192171259,-5.0993262410968825,2.2876213051664935,-4.550142518179116,1.2200986496882107,-6.65285971355105,-0.03965159697052332,2.1856612011221843,1.5554968785833394,1.9609571859937387,-0.3351276727851267,-2.7766107943755953,0.11062145158925987,2.706909623906322,-1.129088482523934,-0.026361077849310965,-0.0053279662824035345,1.2436334087967233
29,0.0,26.265044118287133,-0.3606613540107989,1.5615815253693872,2.152297567345994,-1.6088763393409582,0.5271917355287893,-2.3582484748959813,5.311429148672152,-1.6242173844333645,1.868813466915108,0.9014096837570342,3.9512244675281756,-0.0037549159345338923,0.18604845409247864,-4.070026857324896,-1.399473747136075,-1.1371374950557074,3.275287107532895,-1.2287566401995713,-1.8580210050950026,-2.7048370562567747
30,2.0,1.328914471465554,-4.887951453391267,-1.1146372767522994,-3.3963088069396425,-1.8109106376490556,0.5076395620852617,-1.8878856757049545,0.8033485670779869,-2.325038018606917,0.8576631936281578,2.1521082959693527,5.1648684723666625,1.0185420496654773,-0.8036590428752657,-1.5650121492326392,0.6940063966082071,0.046981304721110964,-0.8750445172558423,-1.404326193460565,0.06303495764721086,-2.1532742688784636
31,0.0,35.44159912086601,0.8187382122614507,-6.062276196392096,-1.333973313713286,1.3901784368887036,2.9809277195630983,-0.6995857757221082,4.1226250027291504,-3.4758439528973804,-1.2449288417426077,2.9678320308633905,3.206905384286035,1.962267625459623,-1.2369942944171868,-2.474307940361861,-2.751649276985854,-0.07706997112909211,-0.3431830820610785,-1.4835040904869952,-1.2676732257000694,-0.4772665601762649
32,1.0,2.474983553390758,7.1019951558006795,0.20200015441286273,-3.3389877677447033,-1.2582188242587544,-0.10701937747610585,-2.5565363534326977,3.7306488985991217,-6.422399744610432,1.006078599056297,3.990721423729374,2.5805017131597903,1.6141842845864403,1.5434395795038907,-3.0283633342890215,-0.47465626931954286,0.8979539909271181,-1.220561356270797,-1.8240293393433902,0.6293281028191494,-1.6189521830251992
33,0.0,36.639607438336036,-0.38682508071460575,-8.185541971829334,-6.009317961639415,-0.8277815241718391,3.6019536614604553,-5.588063168461626,2.4881558426757735,-3.8729668759916738,1.2714208789279235,-0.08972412536731886,4.276567497066442,2.346943708070808,0.2338790164301655,-0.49846498436507736,0.6325090381808207,0.9454627708510162,-0.5147084084583609,-2.882566110135752,-3.1013191073182025,-1.6738626812183401
34,1.0,1.5156850881494361,6.662218069537627,-0.41815258451585363,-1.231179139964905,-2.2903399389833194,1.229485156319724,-1.8929503994743409,3.1623783894724755,-3.9159832464144726,0.3245749625090677,4.4478297908670665,2.012887051726836,3.4655133250847214,0.9259491059902502,-2.510648809568626,-1.8409960711293152,1.3569002292359027,-1.3054297435175648,-1.4038310754687235,-1.3487618911745756,-1.0402454137859252
35,0.0,29.954311104831618,-4.39322654565093,2.244038062116526,3.2571908589595893,-0.8586004869316773,-0.15381891909269835,-4.85955113267745,1.6352175971677287,-5.881226607442246,-0.1795025824855603,3.0300975278145987,1.8432537972764134,3.213633343230673,-0.352312541674617,-2.770576853138822,-0.14295267794173666,1.2702685973614172,-1.3738818583626968,-1.649107489699838,-0.9490531586623413,1.2952895527783093
36,0.0,30.366801547281387,-1.2059002502644611,-6.74083423501005,1.0608584350975427,-11.152977848683097,2.9767490610834524,-2.1189952832662478,3.2015577771977073,-3.143336699739163,3.106116728169319,1.150593185469396,1.8397429436658035,3.72440831671234,1.6388995059953746,-2.4431250554187396,-1.4739904575230391,0.8234434966202391,-2.059997996164787,-0.28563735297727966,0.8010866989220877,-1.1929942956943924
37,2.0,0.5526338691593168,-4.537076607890555,1.2829731427013522,-2.525801691655978,-0.5517408002313251,-0.256666456614635,-2.7413842293164556,1.6478968806556256,-3.7502189785498956,-0.28959512264999576,2.149331588606859,2.6438866543613564,1.6303055372256823,0.09100837915328674,-1.8355512758829584,-0.3354424911851486,0.5312250836228166,0.14285504938827012,-0.9674956269590956,-0.19599497526979365,-0.9832626209009891
38,1.0,-0.169562912336738,-4.0850184560957725,-0.07913741221182957,-3.6417805152101925,-1.6563341275391712,1.0994295248087131,-1.9705044050400913,2.777087862404895,-3.813443378302229,2.2549584529945537,2.4406033745212983,2.9132572970104262,2.8587611450003436,-0.15427357376214068,-1.6530064808467047,-1.4046937352304698,0.012562200388026273,0.04288580089164995,-0.5518717236508852,-0.7110948464529723,-0.8903905585459373
39,0.0,41.91982318549697,-0.4477995271925001,0.13307735675383486,-10.550879685325521,-1.874859562890228,5.11331772864585,-2.801702052280609,2.0999334632136657,-2.2083169343189555,-0.3259855805493673,5.178855191040786,0.2873148160523167,1.3609264857622327,4.307471557242318,-4.635595410416719,-2.4802602045253086,0.323858441084196,-0.9237296297812,0.4244600781122535,-2.5942268610310264,-0.4092061147356747
40,2.0,32.97379374660408,-0.1635702679926631,2.3614098949423945,-5.835675899722428,0.7049058658877798,-1.1185498318045244,-2.430039471277251,1.7604641695390728,-3.7442855735055343,0.398836979414589,3.982092242778829,4.546902964893965,2.250868806832881,2.3992152761635155,1.433250455597856,-0.4360870166594533,1.5099980038332033,1.770981725754443,-2.462741508072068,1.1733483472001167,-0.3797390233356619
41,2.0,2.3739702998858716,2.685356905958788,0.394598245686267,-4.042924495182208,-2.4721753753806746,-1.3672031890073086,-3.506065654140668,2.2167617345733834,-4.632128816065365,1.073850940763143,2.408499169839542,1.0059112851190675,0.8395562931174352,1.188105315765936,-2.5853596191661796,-1.1923840323442616,0.5313531618943016,-0.1705095944672643,0.19543597159208317,0.3008288139884206,0.31336087230879495
42,1.0,0.6776920297941523,-6.841217746917277,-0.21930383136712372,-2.992291467419931,-1.027935977794121,0.7927635992310047,-3.1017052727208045,1.5614610341902186,-5.97894318707429,0.45051959589634305,3.2278296509787294,3.988918054960419,1.5481635716845064,-0.09663339376049251,-2.3315708367160144,0.10550318315045532,0.8201647974205147,-0.06983660168929745,-1.063729372679149,-0.6183623337522978,-1.7274516249205378
43,0.0,1.4641939870845033,6.089954722915755,0.8125814992800962,-1.6693326676060516,-1.6369474388365275,-0.9665649112419508,-2.601603045366605,5.386208866196897,-5.782100305850581,-1.4171104563316035,4.075280104605971,2.755332875898945,3.3701229322974338,1.2134884401042554,-2.1497845159987494,-0.08753817934581637,0.3094142885732363,0.34259907250186045,-1.7256383213169069,-0.29912921104733886,-0.2239843759996546
44,0.0,3.0320812221936446,5.920554575905043,-1.109025678125749,-4.7631662193792454,-2.337860401132256,1.9338265890373376,-3.364368601654692,4.042251124781012,-4.512356311930001,0.7167030518577553,4.121539399658409,2.298407560616721,2.985904800572102,1.0503883069097346,-2.14524143306407,-1.322685699135568,1.2729647338006462,-2.3902793224136496,-2.6910500407653535,-1.5431460230510923,-2.066627352445909
45,0.0,3.413543344445201,5.694972333660985,-1.3834248307072894,-4.619306106302599,-2.3915199765249513,1.661486795543928,-2.925014447736137,3.2989803513606772,-2.93997539927143,0.19651419580714077,3.803038075169627,3.143965222353971,1.5373869528858513,-0.3801659995563371,-1.7455125792546915,0.17594953494591972,0.8425455791920531,-0.16827425771852633,-0.4182317562078691,-0.5607781962741054,-0.8356875581085788
46,1.0,-0.8743355348774483,-5.7476409558000565,-0.2763483559694295,-5.184454258039504,-3.115120448171909,1.8313927523068854,-2.4657901608797292,4.581608792571671,-5.2236550560512995,-0.6026254729185894,3.9095976578509646,2.1407575761903175,1.0814836214988555,0.10453760604932949,-3.9445918029716895,0.6649031245939572,0.5774010683689461,-0.23135693344077993,-1.1746430978371478,-0.15619080352487907,-1.2111024563242387
47,0.0,33.80557225258558,-1.4280852963238069,-9.798743663908141,-4.346823497381172,0.9701128010715327,2.724867278759385,-2.2485563362652985,5.579199989167465,-2.3795637711866475,0.257431109689218,2.701065809981441,4.088479668023704,4.533608640711664,-0.27195080263568916,-3.0402971733265196,0.06885383456528998,-1.5171065836986637,-0.03652130211115595,-1.6877752115215876,-1.8519953790543202,-0.838079633382971
48,1.0,2.539210636806519,10.706666970264529,-0.6915276399696741,-2.803382084355045,-1.540959483421292,1.4793692792398891,-0.9627060879637142,3.36445366272831,-6.697174473516824,1.5112746393984047,4.9910871820257485,4.489871639977595,2.007172028080502,-0.7430677721043355,-2.3768089618066974,-0.2611317127715581,0.40188215546147094,-0.6318327601304564,-0.3145860349973342,-0.6758545363711042,-1.6526454911814032
49,2.0,0.07365509633368242,-3.2532924713380638,0.046571097278270746,-3.369368626596643,-1.8808688245562848,1.0421384226935582,-2.0143608421634167,3.815766317026232,-3.2856305733769706,0.1725219477603599,2.3548833631139363,2.0477900153135997,1.9228487502498004,1.4263222974963403,-1.603362685612686,-0.6137002070191425,-0.3203869486994161,0.37089199203910717,-0.047535956174464655,-0.12439441597626805,-0.9172232239045818
50,2.0,0.2629297671387761,-7.532309194017527,-0.5472249800908802,-2.9862608384076106,-1.1433220575419625,0.7996542501972457,-4.4003431083324935,0.6192145349487855,-7.014463431621175,3.366622721145323,3.26288189542348,4.049421964746313,2.2657177967314803,1.0797945937943068,-1.1071903707676718,-2.580028945890593,1.005349382152775,0.34607826729153307,-1.3586510469256674,-1.3471245612619813,-1.3776494183988468
51,0.0,28.661210282286284,0.589980892305762,4.018977107445268,0.6576460816828053,2.713760090394676,0.8367466214485844,-4.991753798877383,3.0274113447231104,-5.760027397955074,2.2174272891214883,-0.3529557662819186,4.030566421412837,2.2915281468744935,0.6214703402155066,-4.876912481238452,1.544302194474835,1.1785280304359858,3.0132721909991083,0.12033168404185335,-2.265486928192782,-0.8027643090646583
52,1.0,1.6168546510266817,3.265451053159847,0.2502278419201389,-1.94403865827955,-1.4957803388501645,-0.29374368505440274,-3.982146092125963,2.2603137603038364,-3.94498057287535,1.0404577002599564,2.2936694332007175,1.9372510093943867,0.8591851049285051,0.9218514139842711,-3.0943372155751785,-0.8585162701830147,0.3015507002436203,0.7751617231578247,-1.299556280827009,-0.14356611038372621,-1.9544502806714215
53,2.0,0.2717262866246296,-5.450560651374976,-0.16851710276665863,-3.1967826250877964,-2.3788554637064676,-0.3142209422057062,-5.702682557833489,4.241618474310346,-3.9761004998974965,2.2425519429826903,2.4140520125387126,3.485524463204687,1.5553595052078795,1.3736193228945153,-1.7075779491238776,-0.9480099657619284,0.942870345784692,0.2505308736519116,-1.5065825199708307,0.08228714596841376,-0.938225611589486
54,0.0,36.45235306938419,-0.6106643042539643,-3.6250571039450383,-9.716958138927469,0.33429981753667687,-4.7064909240667765,-0.6247329163749265,0.1874700459067718,-8.15943660596162,-0.27973642291716705,4.171182360686047,3.0907392403457905,1.4221156372247368,2.7983322440784297,-1.2213479215335288,-0.43353298175777444,0.5367256034588179,-1.4348368957439572,-0.2663747592847484,-1.6188150890652677,0.7239271499182217
55,2.0,-0.8289573967639645,-7.434491465274462,-0.08315039190468904,-3.9557881850614924,-2.3819617468906595,1.276962795715054,-1.9297368434275515,3.0929689992862084,-5.5918888198540175,1.8423629940830881,3.692614136546748,3.9223507857497077,2.661939117140556,-1.4589523981401762,-3.540254137769206,-0.7347814343484337,0.8783493474278324,-0.8607650795389106,-1.032272618901908,-1.7693022594512726,-1.4370986828316945
56,1.0,1.7328736038718195,5.025177662926935,-0.13395955919632194,-2.353786450581536,-2.7521917958356372,0.5876007309222758,-4.055580598893368,3.2203330962364882,-3.7040121742461163,1.0375531730412442,1.170583511892303,2.9261644108492897,1.7611774677687098,-0.25166966434569793,-3.53674307505045,-0.6207949313169434,1.2017724244591748,-0.8488015115710497,-1.5040738538480014,-0.9361978670968965,-2.7602738450327085
57,0.0,40.201793267279655,0.13956695137216338,-5.330695859350479,-13.655162705557064,3.743005084454091,-2.533016969833317,-6.839757969676942,5.641941551149531,-5.604682385181908,3.754897929733833,3.2541548489335037,0.180051137258321,6.357564605022718,-1.5072156814468425,-3.301403977659806,3.3826118849926345,2.9445323909163417,0.531625912420264,1.3777222461897392,1.5498069224345812,-2.913711667025572
58,1.0,1.836500255832854,4.02665720644235,-0.9073037978426045,-3.737282452748592,-2.384346024217747,1.4748880678578349,-4.315400061494689,3.399778788488784,-3.171101120681331,1.4139164667114557,3.7786011625456233,2.8675551123171936,4.6645220826804525,1.513510687772391,-1.0317410138029965,-1.7324977162396364,-0.7455842978562128,0.34827205392779104,0.4782379083625107,-0.6031424057340055,0.20300745516710902
59,0.0,37.47770273885214,-2.997647460777957,-5.122243972420529,-0.25904931703734946,-3.362345737197515,1.2146732748770166,-5.647454334123964,3.898908374488421,-8.564703861490116,1.644515182211288,1.2361220519801677,-0.7684662734707726,3.900369537672133,-0.03755860750910128,-3.1724493493346837,1.7935632131581531,1.0881428488592602,0.3556876178023216,-2.415145936227207,0.30222890744971753,-1.0685760797505153
60,2.0,0.22937827184713827,-3.891136036242832,-1.2974832918554426,-2.7785122501550497,-2.4486742776450723,0.6299955160533544,-4.390802598742609,4.177979144044167,-3.9289024010973543,-0.23642186100055873,1.2664545041841797,2.5873269523342026,3.941196195221047,2.354675276552066,-0.08980834960540349,-1.703370101777919,0.08989660991927836,0.1322196274848187,-0.2606706952040118,-0.9415476268782711,0.4083085995508091
61,2.0,-0.12058875106964205,-4.7057123228891875,-0.8540639981503626,-2.536627462628314,-1.9993008949542537,1.3406897713680226,-1.4432083090154375,1.706683639608411,-4.834907110598068,2.3554516996880683,1.6578108096919435,3.0948937694159477,1.5825706634285244,-0.19577045452483133,-1.410842608270848,-0.6168110171894998,0.6641306376292557,0.5722227297864304,-1.3472351819595292,-0.7678467355515851,-1.60881382986373
62,1.0,2.8032587256497963,6.456263566394579,-0.44140898944833373,-2.2290421606744935,-1.2476994182974113,0.32539618812293136,-2.514151466843676,4.0627826876355435,-4.5664217307706245,1.2829119564028302,3.2182594089906784,2.7262129854314403,2.2009401320544035,2.074715679726975,-1.998720237252919,0.043744427545577017,0.6966276251018265,-0.6873201011579668,-2.5137853843840237,-0.9225929596187787,-1.394621732934848
63,2.0,0.2787177596417165,-4.737172040902209,1.4727371837081864,-3.203590399315568,-2.1594822688354585,0.300506101465416,-3.9388883577355513,3.9470148802285556,-3.830884675225338,-0.9160653120165898,1.8373512458693382,0.8352009208877527,1.248582821665137,1.3005817538358642,-3.4085513001578724,-0.6394330678492433,0.5595688486408319,0.42078904943543055,-0.9522161398821475,-0.06354231841736127,-0.6681505026150568
64,2.0,-0.5642262867535778,-6.227521740689681,-1.3775262109482784,-2.6757179975980976,-2.7978738937154706,0.34898321004946153,-3.7132494201374238,3.8235484023440978,-4.238013940085385,0.4365291637325383,3.8424751326400948,3.720699340935098,2.7167386828057656,1.0851220259495467,-2.6014652267066456,-2.4156660944304886,0.49529611484658254,0.8604391218473029,0.04412156518602539,-0.9512402168418205,-1.3118631945871118
65,0.0,33.632102444989364,1.2022862710259135,-4.433221679763049,-7.283252496905887,-5.962521376500062,-1.0668221603649068,1.3310674693714257,5.424402002457406,-2.585845733052199,-0.5945154743725419,3.851688806356464,6.65441415492717,2.2072155070142845,0.44164765729987454,-3.056100092276863,-2.2880597496452744,1.791145990142523,3.2554138620983193,-3.449991475648089,0.2811792635491564,0.773788482635343
66,1.0,1.5982474516828173,4.572979324023295,0.7280480934904985,-2.3469797521182914,-1.8711909183748336,0.5516544303364217,-3.468620116560616,2.692005845411489,-5.596625934367738,2.455851282584947,2.6272248685535136,2.486108491101105,0.22776770970592664,-0.04306129391223627,-2.7048019287680947,-0.461274059624973,1.1976984153648467,0.2706319665318073,-0.9490201059256945,-0.6059236188045513,-0.9538533109951295
67,0.0,32.613270804953956,0.19894659778203078,7.761036587726929,-7.795053685719467,-4.309733858701587,5.009464085261968,-1.650004872881847,2.1228758901128155,-4.708375735954097,0.04303489514667945,0.5362533001787433,5.728062712163926,4.1724864934182815,2.213100244941239,-3.0166970866776333,0.5409102127511547,2.4104418613825294,0.1370705016238743,-0.4184016318004501,-0.5194311750660818,-0.7700978060623664
68,0.0,33.14880905040262,1.4081269196213835,-4.147543334049463,0.33744227637309077,-5.004134235193911,5.572521332495782,-5.1247142108178085,3.1502243225314186,-2.0205633507042253,3.3903765699844786,3.78840684732622,1.4807756996377033,0.6469914344345976,-1.8649452510914504,-2.8763830382407805,-0.05030655797013489,0.470902838428792,1.993588412313695,0.7565292183268277,-1.3394880641132942,-1.9521105931789897
69,0.0,31.493871613099962,-1.9182242126890687,0.4062439938231491,1.9067277780902032,0.701707158273439,-3.231895300032693,-4.288460763341308,2.549470216651505,-6.059792543995514,0.3060999449302891,2.1376115752518663,2.7012845283923985,0.8535945615317084,-1.4319660796077034,-2.1317885729354424,-2.341216613990564,-0.08254388931632414,-1.1972373270631014,0.5431646459607528,0.5518288257650291,-0.6766677004067665
70,0.0,32.01382854166423,-2.0384506111197127,5.652533021884425,0.6054359668148594,-2.3595537689455326,1.1750510547348179,-6.018735848810936,0.6415193309287118,-4.513270502336819,-1.6113769138638456,3.786132103082953,2.279782844344759,4.535699798130772,-1.3210724937425105,-1.046391694249226,-0.9847572412422758,-0.16096632182651285,-0.47611686662569175,-0.6854970727076473,0.2167433071919284,-0.7414493239252216
71,1.0,5.316707072425124,5.634886185136503,-1.8116484168992821,-3.3329370480531195,-2.597776742796695,2.367321080662307,-6.818954478762903,3.7629364806330834,-7.404163499815353,1.6369695031951272,0.6886721286146265,4.909915058335167,0.13660133740718794,0.8020659467008462,-2.187670596998631,0.1734863565225818,0.10059554402447671,1.7311917307908367,0.11884220299288153,-0.9766847779628078,-0.06527496099302382
72,1.0,1.7220850297739045,6.829268430513488,-1.3676825313578056,-1.60119166889831,-1.7998101667192272,0.9327071879013475,-1.4371583523193832,2.106879446436138,-4.5082601759298955,0.32212577125960634,2.211360706169886,1.658128105515818,1.3699729658685422,0.10716572112157036,-2.431461051812721,-0.9566596555087995,0.615624117155591,-0.05647380081505926,-0.9176967375492742,-0.47795569852560355,-0.4257601771690037
73,0.0,34.36908222901987,-0.73524853886401,-6.857140040639157,-1.555356784090693,-9.964312390248129,-4.54796943364556,-3.0289384697492947,0.936829881954552,-5.578309026347291,0.5599899329342007,-1.1834081211262268,3.8165833021133597,0.6424687426908059,0.09897391841852288,-2.077282352948455,0.9021272522311328,-0.2835026456542802,-2.932666568350974,-0.8989058037009889,-1.2053508293543937,-0.7667784431065578
74,1.0,2.0811949415309927,10.211799402979233,-1.3015749036731772,-1.590153710194843,-2.136591534628849,1.2881899905847891,-1.114648032394331,3.192891741748913,-5.6964482809221835,1.9301799944877582,1.1974919779412598,3.447970912952075,1.624862821582466,-0.4432957491847513,-1.7236014158089454,-0.901632758917677,0.5369295563632728,0.4284937285375716,0.6123689171530694,-0.9243917685742631,-1.0781407048453358
75,1.0,30.95417986703564,-3.548793483260527,0.4762531705105932,1.909304260535214,-0.2627701816461401,-4.785790617597192,-2.7463082298256043,1.3792203638234088,-3.2721898771890587,-0.727194023809898,4.226145704303508,3.159365335322035,4.052876635688736,-0.13104026162282978,-5.2036145727254,-2.6570307414670276,4.664622078179778,0.6250193615777163,0.961158148177384,-2.160156896069472,-0.8989793523604792
76,0.0,41.75408702254207,0.7231263671700185,-5.467847811086314,-7.157966535578793,-3.292309337446998,4.0435366085841515,-3.4617681347458586,-1.716210724504065,-4.8764345766199675,-2.3248171600655367,1.5306793630706954,3.446111206526206,3.5775144238668575,-1.666903735634513,-3.995741424502576,-3.153972798881996,0.773928174199046,1.257300692111397,-0.23637639079636139,2.2338850108400132,-2.3070756514993525
77,0.0,-0.4041745334341464,-4.401569184432621,-1.1430627375774929,-2.486119462299069,-4.4608214606359775,-0.10205668218254751,-5.2063843716833045,4.306900102991764,-3.591964482955371,-0.8651274284259174,2.6121784756397024,2.346326720161633,2.2853629139886515,1.9501747489434247,-2.0494354978954017,-1.2323656997037054,0.8532171505066154,1.5603632370936347,-0.9924101289870536,-0.29026120591317645,-1.0648890575164365
78,1.0,-1.040554226932159,-4.948581737870133,-0.48047301001904896,-3.1261172895409453,-3.4480038128088437,0.7909503204213669,-3.216075825196939,3.4351753924584454,-3.7693300682008597,0.6759945771068978,1.6770488579083191,0.5931752503030154,1.7681087432772251,1.372466449810106,-2.3746225382158377,-2.039420582470871,0.9396802719132745,1.3878211233161464,-0.8812864335056165,-0.7952287562383911,-1.1651628005167847
79,2.0,0.17159019549617446,-6.566169263694638,-2.351634665505035,-6.386445428026051,-3.198671470746877,1.6167649141853573,-4.048303596837843,5.296799640643438,-6.4961529673882765,0.8433825597986901,3.9733472998153556,3.8214646104342536,0.6028706295629044,0.4928509017622989,-3.104095666972083,-0.5153663986276545,0.9699158168991832,-0.34380194752110826,-0.9677332372816565,-0.5023847722988388,-1.6921566572027702
80,2.0,0.6854503338584176,2.1096677386057654,0.3749879465857765,-0.7271339189825712,-1.6245791171552746,-0.3274738728312059,-2.5942166128991606,3.79999576828371,-2.146050031666664,-0.288014033663737,0.42628720590340125,0.469775355300383,3.1527830713509197,0.45360841152156844,-2.4064209158799064,-2.1772684660749175,1.6698309415450485,-0.6445801555281347,-1.616049377771805,-1.455460407209645,-2.019308280127442
81,0.0,30.95184440062403,0.30945351143557753,9.593035859892463,-6.892728806180254,-3.7484271029277143,-0.26492876769967777,-4.002373499278769,7.669053042393257,-5.070102685771352,2.6355587534432723,1.5379820178027348,1.6727413277963445,0.7299175372606184,-2.0300582733008787,-0.6762996831572369,0.3966639765320784,0.8059402998982315,-0.5985815425431069,-0.8233064889349043,-0.4830755002904249,-0.865540698424422
82,0.0,32.080474166428615,0.6118554384941242,11.046811058530515,-5.44725568219583,-5.031667537343171,-0.8831351876750214,-4.526015659658235,2.2243232180148915,-5.484955247721893,-0.9694623068119499,2.39849449107897,5.715589568334378,1.2580976829619317,-2.542978452647037,-1.1302378238443915,-3.313829811384842,1.9085325534967323,1.6588940488672348,0.045310719955169,-1.5386530532191327,-3.7163041447602825
83,0.0,38.13052075748594,-0.43173615927379916,-7.0308811717196305,-7.291626864946868,-2.139552532752825,-7.277573304512773,-0.3802496551997245,2.877014999141959,-4.241636968566954,1.3371315884322361,2.1045205840262655,1.0763725213217228,0.5545753558648823,-1.099990812543152,-3.033583381533579,-2.3032221693526935,-0.35315149556133474,0.9620968206626783,-2.0279680865762737,0.7317946709702056,-2.6966357172558477
84,1.0,2.6878259977287993,2.6558520180683085,0.5393928572041984,-2.802840903940312,-1.934971400743123,1.2429967540700049,-3.479325851410003,5.0660510366182026,-2.2089616982730855,-1.003465621155571,2.524801100421076,1.4880999727148045,2.020534125278544,0.6771932330445997,-1.1664841529866974,-0.2797200852155268,0.6083602234086851,-1.40300072146534,-0.6562316204679045,-0.683062019556645,-1.527439818741988
85,0.0,31.449335303463428,-3.77445410467445,1.5737544219579485,5.591610026140499,1.4670274047810734,1.7041902078182913,-0.3077102846311091,4.835425154489823,-7.152705835812241,1.7045890098862402,1.4453357539412095,1.3273193539699408,4.7038309923427395,2.0800840003931587,-2.8895097677502206,0.38177707154164303,-2.014596870020041,2.0420586480680236,-3.4342114676451514,-1.0453464915312778,-0.602296828846641
86,0.0,31.248212471460093,-2.7505690355151433,1.1407377306029685,2.8603957230114916,-4.160304714872079,-0.5728240334670418,-1.7725006729610318,2.006974481397252,-2.0248747175060444,2.699193196853182,5.321676555924398,-0.6488501744560513,3.636998378118967,2.02178081331079,-4.047831442997083,-0.716450383837528,-2.1949145299801103,0.9077698918960236,-0.8792230069258016,0.1855414937902573,-1.6129854588553543
87,1.0,4.1290086834501745,8.968209068054291,0.5179976322946651,-1.5890565378378356,-2.2571000117425877,1.1643515930590955,-1.5420669381911276,3.1753439399548324,-2.9901196549476263,1.6716876525604847,2.4172125581997657,4.2445048578364855,1.435658183291865,-0.979621768710152,-4.012438466231812,0.2734888277288261,-0.06811015513610888,0.7145927367362306,0.5381331181240554,0.07640133851810432,-0.6356255575749186
88,1.0,4.213255165590611,5.3988116051940445,1.0029867644782096,-3.117316653984952,-1.48094534974165,-2.1794326336446828,-3.9917735189395027,2.479226829517248,-3.8643445096845683,1.4255659938116712,3.080778566818387,1.8956912281907166,1.25908340310748,1.196265340905146,-2.7015185612458565,-0.12449911042964446,0.545746429210064,0.11208368760225201,0.10419900070009583,0.7048837244129302,-0.6618627414394603
89,1.0,3.6930588808104496,3.887608329412004,-2.203936689102467,-1.5238595119540266,-2.804513657054744,0.925148437523005,-5.112196069448467,2.468075841125118,-1.8994282403772464,1.7397829854495084,0.6239932517965341,4.166384848827843,1.5644619616171294,0.0684154156121297,-2.8808151122988725,-0.19826603011263966,-0.5703752167468875,0.6779383680034117,-0.12642279482773341,0.4214809167092389,-1.4006595967505098
90,1.0,1.3164196125343555,0.5537201001959857,-1.066650419143578,-4.958881501852243,-3.789143378337232,0.8664122415094689,-5.236897282524928,4.240410064011242,-4.374896290024521,0.09537705627267559,2.4917218680800906,0.1444307624960387,1.7069613575899594,1.359632523418837,-2.5099543034278873,-1.61422991810451,1.403351994619512,0.739161450389926,-1.7906716074664608,-1.389906889878308,-1.0217017672741007
91,0.0,31.964185233119156,0.3618204692171738,8.185670408321684,-4.791055078768719,-0.8132229869019598,-0.09786422396937447,-4.944185841635416,3.3280785566589874,-6.585267295046301,0.8318704938547873,1.7843974168653054,4.943713799092855,0.40921315134861347,1.8928174942938925,-3.887837599780126,-0.3342788878955458,-2.6612498233124042,0.43996726736242003,-3.050233922383793,-1.1218439558797981,-1.0439973140558827
92,2.0,-1.2934247748688108,-6.388307358711227,-0.0025269586571290276,-4.147546160122528,-3.65314890935821,0.7408095935581825,-3.642409496534487,4.791491900634353,-4.402539948169298,0.06987664915794257,3.450433330621306,1.9610907547799694,2.403793078192148,0.5699747744065486,-3.919477554232328,-1.1732601804416216,0.5078147833648828,0.42241909316965237,-0.6759946699796651,-0.8065206010438795,-1.026904136773208
93,2.0,-1.3669714600717329,-6.016641461014748,-0.23824391625693053,-3.81766628903689,-3.7576972125312285,0.9523356673139679,-1.8425954175720052,5.068401041152393,-3.3839286971175278,-2.0423166076684485,3.6894276739224936,2.4286044381656473,1.8624978871228606,-0.32958089968945137,-4.346630370050619,0.7984680800892267,0.08106716591788524,0.04010446922132574,-0.5530126441412765,-0.41887381961333364,-1.4552317022626748
94,1.0,0.9258336316290726,6.738882021043592,-0.5350911217212202,-0.6686868826606767,-3.4402075564928274,0.0028653034454889127,-2.5933433887644717,4.796185801862591,-5.49194102347519,0.41304960130848584,2.879756996605633,2.6643066463323386,3.2520597144500223,1.0942104295595125,-2.9908329947981076,-2.3410368301146236,0.34579115008051675,1.0711358267958577,-0.9521746109774428,-0.9846583383246815,-1.4914377879238203
95,2.0,-0.2566474289945019,-4.688534322089233,0.6838300625583551,-2.853957652867246,-1.7386097525445305,0.5798801829099899,-3.101996832902404,1.841153475585533,-4.240290347781716,3.730287474709746,2.9957687189713855,1.8992366083162417,2.239549424424827,0.6436119474578085,-1.0432126574109062,-1.8965424746262936,0.38548041337228595,0.46489724339090555,-1.1229193958434327,-0.5229111813430136,-1.0161244054898937
96,0.0,41.832187489883005,2.766494694962368,-1.3706437079524356,-11.103257874902647,-4.972817905283102,-1.607718798088275,-6.503229571369039,-1.195724941568159,-1.7546896262676936,2.6147081121333446,4.080853760222758,1.7802088697884257,0.9766944706825923,-1.1723782176068953,-3.255316747686568,-0.6613933736362243,-3.6483244241890325,-0.3127885657774869,-1.277468373319135,-1.1742907049367703,-0.1386070310302696
97,1.0,2.238010293721834,3.584559194310732,-2.326945843390564,-1.618035144765621,-3.601072550849168,0.8659776525763775,-3.1456678563201974,2.465836120449055,-2.8534192609360893,1.8041304239466942,2.0457868407981743,3.9306145586752796,0.051849132900183906,0.01946867708514051,-2.6657774393343563,0.38531098089919397,1.1114221552783794,-0.6109307683759497,-0.4525490121219351,-1.066821065878637,-0.9683642635411818
98,0.0,28.84689829375652,-1.2920330294931868,3.0161568104444947,-3.7009419031075304,-0.3794812026959121,1.042365421410104,-3.127487475506788,8.443866076682994,-3.186557452485933,3.739571979902206,3.88968575316622,-0.6463415883748947,2.9106833000093064,-0.5520394126165442,-1.2571874186765273,-2.7541255028890967,-1.3623687342954527,-1.6248243479374942,-0.5875116122519299,0.6418614803484082,-1.2500057761321992
99,0.0,34.43784391643514,-3.537931284164863,-1.0584004199551553,3.8144972951091076,1.185365474816864,0.5275799743831984,-2.7923550290502877,5.807305779038298,-0.1887437037300171,4.348691424988748,3.484542867556268,6.808417787523889,0.5376813716739337,3.4224609347980635,-6.0968124609833065,-2.599630597357441,4.24301424387513,-2.4352633659863927,-1.495863866209035,1.7274520625208203,-0.5504883986678268
100,2.0,-0.7121939054560884,-5.247716957624913,-1.9549011245384356,-2.549797423100338,-3.255904049609993,0.23026035769337477,-4.085049569306823,3.0152355963206916,-3.2916646099485676,1.871619720358172,1.4662879572979108,3.5600064189026535,1.985557162730492,0.39715617399506037,-1.7907828769774023,-1.2537963981994085,0.7775971109152126,0.5096855563527254,-1.2082392133419035,-0.05328211583080078,-1.540461207077347
101,1.0,1.662044743773964,9.813246522780497,0.1847515049670891,-0.7573590627573867,-2.2079359504794396,-0.5915767467386531,-1.0395121435823342,2.143066544956786,-4.430616139152065,1.1819338251543345,4.152817380330905,3.7701060299397327,3.627011217772087,-0.020691075151119342,-2.8080313454292853,-0.5377431785255921,-0.25683006272940606,-0.9988149504191017,-0.41567835549416854,-0.14038704248820078,-1.0855340262697877
102,0.0,33.26546480222246,-3.78131281403266,-6.982625577922032,4.193949746869543,-4.106496168732227,2.3943694399942825,-3.109515444577543,6.302133709703863,-8.896173685374427,-1.2881133639065772,4.085572393722466,4.016654260988318,0.10970647721881754,3.2169873529116213,-1.847676963671546,-0.3767339850535263,-0.8982214186786501,-0.3229137933042251,1.23745732019916,-2.2339285968636444,-2.838158600148634
103,0.0,32.713874758969176,-2.6214035132643954,9.697435952091041,-6.996542676385674,-6.414015424485703,1.93806226332784,2.6536323426086845,5.446628374417547,-3.3885852469561413,5.23980019115475,1.067311858021267,2.1319032924303913,1.6313743270762586,3.753438275647237,-3.136893437505655,1.4794143843150942,0.14217754340088,-0.234030273820414,-0.5393747424287169,-0.5453716002922187,-0.40705547230032524
104,2.0,-1.156376697919182,-6.21092419732023,-0.5392646175843575,-3.5681481269913453,-2.365110863510169,1.2063716107570797,-0.47712008960730473,4.3758963216056195,-3.9533394340727934,0.026371438612923778,3.8766346316079723,3.875383476087906,2.481447913635137,-1.251948793020418,-3.3102018224744407,0.8850799778905943,0.02886985841821363,-1.4246789854118331,-0.37976323385465455,-0.8837409581946871,-1.3239655795583833
105,1.0,30.9825214502947,0.7878796964049551,-1.417340430896757,-1.2363792688369186,4.960858902505051,3.8891374033320343,-4.581065388241891,5.277503773003076,-1.2464228496388756,1.4415805701322641,3.0801594047851513,3.8756384724464814,-0.11335336685311498,2.5095879376594454,-2.4980288033407994,-2.428956663516732,0.34100374962398555,-1.2585974589363578,1.3698498763353797,1.3246822215691778,-1.2414360580354002
106,0.0,4.099781476906429,12.947420187222841,-0.15059854888594879,-0.15812330862565882,-3.620989675088862,1.0098728189674242,-1.2673347038503135,2.7874288303842025,-6.049498723383087,1.9740648422765041,4.203615835303627,3.8619225615037207,3.271177897316925,-0.9323230756683206,-2.2449088571713665,-1.2414722868523294,-1.1726059075933315,1.1424813939743297,0.42601069538447667,1.0923835631422338,-1.518666362621651
107,0.0,31.82915763027336,-3.0084335418980848,3.9025280376026203,4.156692256426861,-1.6315180026814373,0.21095192403111984,-3.972319328387648,3.036609162717568,-5.303024515046317,-1.451319623511698,5.442863596619532,2.9755718851294626,0.08593807849950952,-0.2806335389806162,-2.6118141119705554,0.9810603040914418,1.1966496255765702,-0.5830543953643078,-1.4092986633195435,-0.24840553156172585,0.5108752816553359
108,0.0,33.41522125749996,-1.9816228447805881,-6.400511127030087,0.13644967029277943,-2.6391196443092344,1.582779020605224,-3.790523741742203,4.955953818736097,-5.951443082321774,3.7823488201589237,5.088064552560189,3.003217590847338,0.017370457755672086,0.8890617947180789,-3.7455331866160506,-0.6038804812612932,0.24464641635707185,-0.49528749389221804,-0.7870151319747569,-1.838999554234189,-3.567590458036461
109,1.0,1.3541557193674845,7.524716379946548,-1.4437154279806181,-1.9801562566588369,-2.1138855556557066,0.9268874659759442,-0.7936875252077062,3.8556416721810076,-6.862221118144243,2.0964449375692777,2.9849961934839837,3.395334797420779,2.4805855944042423,0.5445254784130872,-2.4330671772233816,-0.9129060703155902,0.6346607719595697,-0.10737974413281454,-0.02016150322483598,-0.7895671152002011,-1.2513225115301811
110,1.0,2.283047656380717,4.31537140630542,-0.19959121909440736,-2.637685044812547,-3.2404571863094147,0.640152182776999,-3.5792896565751464,3.006486337108676,-3.5200517260491697,1.6543470434734475,3.1184974313015337,0.8459123913033986,1.7125695803226797,-0.7677117151194582,-2.0832151260703244,-1.235126780808936,2.7639997216568917,1.1214340301809416,-1.5668507537517868,-1.9387570131688558,-0.6402490424912634
111,0.0,30.861571590595,-0.5395759121774736,2.969661868108574,-3.7103262712076317,-2.0222296728698717,4.894230675819859,-3.783666876511312,2.3181434258711695,-2.851201483397047,0.8059275534714917,1.7387191533096793,3.574056531049228,2.344667558889914,-0.5825507640842839,-1.3464329100719508,-1.156100476876453,2.170401864210202,-0.5952031023310072,0.18780072160689948,-1.8866052276358094,-1.1060382662587611
112,2.0,-0.9950163697484415,-6.692185368275634,-0.13073286611048146,-3.3952971724006966,-2.2053924984775573,1.250238700196024,-2.325129083176867,1.831213128338418,-4.731418570531799,2.829842918053467,3.3401533486998245,2.2605045364503824,1.5876294628321455,0.603031052919582,-2.083571609514225,-1.633290524242601,0.30843311511609095,0.22844041398418083,-1.309486732138323,-0.535502472771378,-1.9489234518906025
113,1.0,1.6996785386246749,3.9308488137124815,-0.10348418057737759,-2.3700371069497845,-4.830164348807945,-0.14101302021492051,-6.662988384768182,6.585326733923244,-2.4407434352201176,-0.8019935557664161,2.7408236604278073,4.3671174553546495,4.23658637805531,0.7475276714958926,-4.104480053596822,-0.675714371629181,-0.05580436318902837,-0.8417969048080587,-0.4565491774284053,-0.24602191201292953,-2.2122955220210594
114,2.0,1.455755470328621,-3.5443875266919784,-0.07853686669204163,-2.421669899103805,-1.0221486377008449,0.41647717283259067,-3.786106088599397,0.9828562893812801,-5.129225815797037,1.2240180607506186,2.3154713850507966,3.986721531628616,2.8844058205165424,-0.11280315626347688,-1.7836513725073453,-2.0693108255474497,0.25388803053986486,0.20411462955108045,-0.8230253023823665,-1.1876107345764115,-0.4086046856357003
115,1.0,4.355489563696679,5.66584309272313,0.24905204333442538,-4.117396972929482,-2.712085050526745,0.22105231270562223,-4.615849737225748,2.883838058039187,-2.9441556544859084,-1.0405452460032096,3.883036064093767,4.10081927675834,4.320141888625571,0.3319421129850645,-3.463254914120438,-0.5983503601563599,-0.030770074055889246,-0.8604497824266808,-1.0181338463228635,-1.349499109300067,-0.5813499236986912
116,0.0,25.477640957735648,-3.6700552892284546,0.9248851274174226,0.047309211111693845,-4.761843577888167,0.958149474024052,1.0170464823911602,4.596227418367144,-1.9251960914496653,3.1024337173030627,3.8322568167422446,1.9244094002209888,4.377540118836303,0.207911125891218,-0.5545424771221686,1.3177082139165057,2.3225772124963915,1.2202183247963574,-1.8198863119851887,-0.4667645107194126,-3.190547515245029
117,0.0,31.861855812543787,-0.38793546759529646,-1.2748777278069159,-0.3428446884359739,-0.5098970538725456,3.3987635881564713,-5.558474705272566,2.955350247076821,-3.58013454029956,1.0889907498078812,2.0093362429911603,2.0032740673870846,0.3877368037872301,-3.4391714939477214,-3.972081253928973,-4.23096235864304,-1.2874212714025168,-1.3834175970260643,-3.6951142883066685,0.40398349812800743,-0.4203817975073614
118,0.0,35.80786180221165,1.2287091669961283,-6.281624565089275,-5.727147164093187,-0.9831058791199632,-0.7902321513397472,-3.210248480044401,6.253248115105192,1.3262511936932522,0.49575640971306095,3.299917095818022,4.830455219475687,2.4075899945888897,-0.3818250017755288,-1.0511831648761687,-0.33956642284515726,0.45466484594502105,1.9606300217556698,-2.3774783473276844,-1.5475466816779202,0.07011425939244664
119,0.0,32.85502795214375,-1.037965634578602,9.008541322964804,-6.702651388740036,-1.6994719331884596,5.959076281479906,-3.6826452219364416,6.354702784803287,-5.879920163246013,-1.0118104105039982,-0.4059086386356278,1.0818509128030525,3.1236688938356796,-1.755841988686714,-1.510750350924612,-1.6463801273444405,0.06824444096583143,-1.3937216903891494,-0.1495471104314921,-0.00610334184856462,-1.6721898931355468
120,1.0,3.22371536162499,8.08496288258293,-0.06383036719161488,-2.861069219375038,-2.7900804606736824,0.9920648019218946,-3.8078224452361735,3.5952306269292627,-5.945040411263203,-0.33060620799250606,3.704744208245371,3.1022111046374787,1.8438150021684632,0.5724703316228005,-2.359638237219496,-0.5682345302798859,0.7136767951340169,0.3868227640893472,-2.1108451287716106,0.03193543365036419,-1.2009235701445247
121,2.0,-0.8530952043929704,-6.320546933224031,-0.30343091720743126,-4.13124435477445,-4.093272040466522,0.17889124602090625,-3.7894761032672246,5.806810463965818,-4.199011958171679,-3.8312161173469867,3.815365812524703,2.9082497606876836,1.3666189382204688,0.29526814817487157,-4.824853727222213,0.8144417807575504,0.8462775963481569,0.32772457320793724,-1.6284046616149837,-0.2510078672334536,-1.2513113777942406
122,1.0,1.7236143472512497,3.439811105429826,-1.2587292428426893,-4.493400568086827,-2.205748742518912,2.624066227532177,-2.7170963428579196,2.298090711833888,-2.208558988738798,-0.794865031374965,1.3074817060870192,0.7698441587763352,0.8903922693147822,0.7650331100042227,-2.0055026488594323,-0.9681149880712847,1.5403606021236498,-1.2605173477563922,-1.84543157620029,-1.2881092918216543,-2.032248873115118
123,2.0,-1.0773584728466932,-7.1036616074102765,-0.22171034479780502,-4.9674598931522995,-2.57739156574587,1.3955863176766843,-2.2691285270240362,3.7622688457131406,-4.498387485164986,1.3268136255124159,4.742389427265359,4.020024233743367,3.0950861315247433,-1.4611613352386006,-3.9710849456675015,-0.508996354552289,0.11026823636647051,-1.147805315285339,-1.1644560581836818,-1.1973464629993995,-0.7814005959380561
124,2.0,-1.2536151734405943,-7.29746440322252,-1.2581664215374726,-5.069218255840936,-3.5660600000646165,0.7721266041931045,-5.004510753140817,6.973486992682092,-6.673813342406463,0.5862320628118762,3.577348108536173,2.3853009111288483,3.7213542403115523,1.5228608383267623,-1.8990589432467304,-2.363690275021716,0.9427095334677813,0.25127231724433036,-0.8370283343877029,-0.03059789237780547,-0.8138450005243676
125,1.0,32.942963199180426,0.1910512149892315,0.9299523515595389,3.1801367391558766,-4.528663316238637,3.8909659297670176,-3.1769005997354136,-1.1607534149782346,-2.064288278464888,-0.5547608613862919,4.9095572127780125,3.232897599286751,4.264723851044829,2.3322144533597657,-2.6445044366332278,0.32879157679202475,0.6948281318946248,1.483997334725207,0.3392566420677826,-0.372476313670587,-2.2319898591885012
126,2.0,2.1984653510612397,7.187089620492782,2.3337202859090187,-1.1419300696287185,-2.2088999477623887,-0.965987572168472,-3.348196448475868,4.952207333046182,-5.1411457475371485,0.8567938976706773,4.067819065690329,3.7401019656545498,1.7982443130103314,-0.23251441106948414,-3.517448335905731,0.42698990184633207,1.2622630782598994,-0.7383691943911217,-1.9732514711711262,-1.0887794188046678,-1.5231055972377545
127,2.0,-1.1069152960669257,-6.225785813502853,-0.8159746982470131,-3.1827499274800712,-2.5389553243946383,1.2551088114284892,-2.3478810375795134,3.3599827899000196,-4.104270266903053,1.1304985246790478,3.422400809660344,1.9886155245735218,2.1909450171348026,-0.07076580405909472,-3.3365588774976973,-1.1039824438222057,0.6359757955482778,-0.2620229712210116,-0.6396086769319438,-0.18876600345027622,-0.9471324382672108
128,2.0,-1.036155548758122,-6.491332474447498,-1.9198840826096104,-3.816034419793886,-4.079885922860467,-0.0650986291849584,-6.647286948771318,5.421702984192544,-4.738752746641914,2.210027159755844,2.390666844706018,3.8395682327248815,3.654938570679155,1.570092279875813,-2.3767164789496924,-2.4450301063174362,0.7415208485453282,0.35424673996822975,-0.8479245616712053,-0.2951171492999559,-0.6784275624788947
129,1.0,2.863140044333088,6.08043169238067,-1.3156210856405561,-2.5834837223114846,-3.0244242322289336,2.493139235439192,-3.2264754529010102,2.894347474925886,-3.9184763751534604,0.6617102695245608,2.7329608801203586,1.8054343192634228,0.4552938574655702,1.2211310542454918,-1.5214775144716501,-2.3341500362940124,0.5188903367647523,0.36179974430632456,-0.40660898746853036,-0.9558784601244386,-1.4294461145811606
130,1.0,0.5379178239891036,0.9839469794712258,1.3079598419569705,-2.408081073351687,-2.162901532229933,-0.5045558558403389,-3.7737586518517707,4.050391341192045,-1.9997525302103796,-0.476643461226587,2.4588990324606623,1.4433309556329825,3.432791396546063,0.4367393744186029,-2.0159661041145776,-1.3321796429622768,0.6029238679137154,-0.1323126200931133,-1.521241193946757,-0.8517679706917579,-1.017963861921414
131,1.0,3.82939272943303,3.548593137180117,-1.524983255569275,-1.9071669378994598,-1.4711234239902151,-0.09301589784937701,-2.225908090499965,5.2304322941311945,-3.410584691099031,0.3657283879718736,4.228123653512541,1.8021417519816851,3.5808988998820452,-0.3003001873038607,-1.009869478539113,0.6800799022412727,-0.6863786843558025,0.2881240195984251,-0.26859149056549525,-2.0101487858586142,-0.9872681705582143
132,2.0,-0.6806851534181626,-5.608108365854892,-1.4841720924176158,-3.0195988788058283,-2.6750908594077494,0.7559414057532751,-1.59152889613574,4.440677862444589,-3.229830473912112,-1.6609551550395296,3.9262548527945187,4.201762690993342,0.13147399903470264,-0.6969842217818628,-3.8007659310211217,1.3850477325430604,0.08560508959223172,-0.3673607379365752,-0.7775008305017508,-0.22332904625648842,-1.8062409723556663
133,2.0,0.08390717611435862,-4.338672520583431,-0.1638479360928552,-1.8775541989427782,-2.726555958031859,0.6585540255461525,-0.6829071392212028,1.171898380974243,-2.6283840638180225,0.7489834068619042,2.1839277866754823,0.8861022686642149,1.059619768674536,1.2577566286318136,-1.1999319011962495,-0.7261749868796132,0.47328129984300654,0.3271007852484719,-0.719133258515674,0.45137454703586716,-1.779415340198344
134,2.0,-0.776861754693176,-5.9417045110182505,-0.4724423390112805,-3.312100905743041,-2.5317076025741856,0.39780495158454066,-3.8201956541271542,3.0494332741367245,-4.700130779156898,0.17586971724034098,3.367862897287983,2.0057573089069183,1.6085643040869997,0.7670255759968572,-2.844432336480689,-2.195900152711494,0.8763253046493438,0.9382449215352375,-0.5850516447862346,-1.072969131715334,-1.2476599319536936
135,1.0,2.3168625072546423,6.582927666290234,0.0031766411210019975,-2.3894452111669238,-2.3722702515518574,0.4396589721068345,-5.494920533491712,3.6566612235382228,-4.928347012340987,1.9935861501036243,2.7536305038579156,2.258615882042098,1.836007811940906,2.033002020467044,-2.173612041972857,-0.42366665236289,0.31863252127875136,0.4031535968762232,-1.510143022932768,0.007875449291263686,-1.7739794539600648
136,1.0,-0.1318028715449559,-6.4333035135140655,-1.8418288421791467,-3.0681922240958404,-1.544750864038026,1.6512404044808675,-1.4402777550538746,3.3918944463755034,-5.348645737970418,2.760551388323767,2.836322033790708,5.161304224405916,2.1249279350598647,-0.749368332606674,-1.6999311241679194,0.4018831804630676,0.11547270060354917,-1.0162846019694425,-0.9229361015149584,-1.104632329386705,-0.9300904550139751
137,2.0,-1.4309181421537134,-5.227492191420467,-1.1818423455031284,-4.722056596860158,-3.21539695310292,1.764532570472347,-2.889110543543015,2.7637134265364454,-6.326925358928875,3.661803921224166,5.315531331892011,4.06462292078778,3.864943501523898,-1.0870291584946257,-3.440795577057843,-2.159489114540509,0.015041323970397105,-0.3559633879733638,-0.5902774128409631,-1.2710595174585086,-0.6071278407506204
138,2.0,0.8140885052455314,-4.324398106473046,0.06814767968386609,-2.6874447348155583,-1.2291814387509226,0.7196812860853552,-2.0350999067087865,2.2858327477337106,-3.075792040177911,-1.5407901451224477,2.8172214311264177,2.456024187089271,1.1878139643818886,0.433815626179373,-1.0162410880573916,0.2611772120786319,0.4382295788632179,0.4723414714335003,-0.5373345209349362,-0.5792348360932434,-1.2652320314756789
139,1.0,1.8955577771261483,8.731307573321432,-1.4176904726013477,-2.1942239757942303,-1.8417680315568683,1.1318488570451726,-2.8880098643291006,2.9101786372311134,-6.183031713254281,2.8261300852119895,4.52037107389051,3.7133219361015715,2.5821468308006796,0.971532594136589,-1.7349960371903657,-0.7059381516372505,0.552758633250786,0.16213415272996157,-0.7357529894013546,0.2103650810237399,-1.0215329613740987
140,2.0,0.258609727416965,-3.9683383269088637,0.650068781796113,-1.9344991832356733,-0.9954971424954672,0.8357935792377357,-1.8932160231949369,1.5366388747893267,-3.2115829478481563,2.4573874516677767,2.7842867896151033,2.1095261666706615,1.719937123597602,0.7735455253092954,-1.9787253363213608,-1.7781372056831648,-0.10741619692457821,0.11904388076599778,-0.6550923703200769,-0.11610557959379654,-1.2891503994306355
141,2.0,29.35107753100671,-3.34806132065905,4.184621107562311,2.0921800841044766,-2.5475796503843657,-4.43727706880176,-7.05927968226038,4.217928425483173,0.3916113800766437,3.1667782382935363,6.338770198430932,2.467329526610343,1.6225014335835461,-1.565859269661483,-1.1726859250082944,1.2080042856530702,1.2899567316039733,-1.07467251800724,-0.6872799145218835,-2.9470113160106157,-0.6053296275156322
142,2.0,29.435287057703242,-0.6057087381097302,3.6798905696897455,-1.4827949546324921,-2.8050593045820675,-2.2368317367136044,-2.1916816114479034,7.112516882515069,-4.352145817774519,0.41983569882738736,3.0602696471608613,2.590693889770415,-0.17519915260807123,0.6815344559863316,-1.6817953572975677,-2.6484429122147266,-1.0372255596632614,-1.1324260162913833,0.9229946239996606,-2.111553817477421,-0.6498764785558058
143,1.0,0.15210471420160768,-3.660680160552618,-0.625670130687606,-3.3155194802954355,-1.1596550755608739,0.5810130392094741,-1.3251593217789202,4.202583324206586,-2.17514427437729,-1.6062570784014174,2.31356331657298,3.3390300455205053,1.22487479027852,-0.19761072202801389,-1.7686653894856317,1.3925502725658276,-0.20521156347505473,-0.6623793591669468,-0.379622293847442,0.5381468745643632,-1.1117775990272944
144,1.0,1.3053566055856392,4.856651757289476,0.026532910297740624,-0.7464421598101898,-2.3290684012323677,-1.1018415426841757,-2.490587997027691,5.363812455888855,-3.3846225727712396,1.3550334725984854,0.9056527931678316,4.845725467763647,5.174869319106278,-0.8430917751033492,-1.8284640681654796,-1.7727399072885217,-0.47962363015867326,-0.04024238665095406,-0.7283193509193489,-1.1048359474650586,-0.9555100946736279
145,2.0,-1.1832605186181748,-5.567788095069594,-0.1834510449596844,-2.9325364786902934,-3.0629395843662777,0.23887257769035505,-2.220856459802473,4.170973372431686,-2.592582068660672,0.6242769214168042,3.3440350497125317,3.7200736642199397,4.560120454370776,-0.22075376972379823,-2.6446397795979464,-1.3519954851397524,-0.7223061536607677,-0.010830465735909262,0.17876973580612285,-0.8801508045785358,-1.0836781915687186
146,1.0,0.8744634497466655,3.2961168755802666,-0.31129147346994873,-0.5171609716267159,-1.2591105997817431,-0.043164301932137175,-0.4753627796852794,3.3108339224252457,-3.0215361554188864,-0.13902904510583416,-0.523242766403063,0.6737608896785587,2.1002632651622326,-0.23618975975594236,-1.645069992255283,-1.198389460817829,1.7327974874470442,-0.324276335542621,-0.31457556790871566,-2.225565601984616,-0.4707699420032052
147,2.0,4.133804617355698,5.696961220689254,-1.1123292058623795,-2.9405739665452986,-3.193246772707751,-0.04258992568182625,-4.4834441761811465,4.565055887209459,-0.9485819199412672,0.5038259010362648,2.2807278922086867,5.313270606391302,3.4039870198651077,1.5367698595762995,-2.3924793373729174,0.16461403095805818,0.0530767142743348,-0.38585531666382855,-0.3717621100839503,0.6261353535682306,-0.046082048225383365
148,2.0,-0.47231767460393664,-4.684080026031989,-0.16010825444208632,-2.8883042083785195,-2.793363429310573,0.5388867213763153,-3.484470795502874,3.9369883175421054,-2.997965281316363,-0.6295394459009795,2.8200434316090597,1.3888484942666652,0.8586413507939104,-0.21066880039416075,-3.0053233772319556,0.5471917070672362,0.801623508640408,0.19856053887953928,-0.35676920899047687,-0.3109901096397447,-1.2052120431050513
149,2.0,-0.4808992597576563,-4.970348250271568,-1.1005202779622723,-2.8597848229378893,-1.8491526485728083,1.3400912120911135,-1.326161246835242,3.057467631848513,-4.089593470449324,1.6341109228241526,1.7486111042638324,2.437659355914778,1.0388024090253352,0.47715326933831315,-1.3678339526697716,0.0652208533229231,0.49248863657149033,0.019155354101561828,-1.1335240649216363,-0.2603771995235695,-1.3049671273703827
